2026/09/23 05:05:33.452, 2745 MHz, 122.32 W, 61, 0 %
2026/09/23 05:05:33.558, 2745 MHz, 122.32 W, 61, 0 %
2026/09/23 05:05:33.658, 2745 MHz, 122.32 W, 61, 0 %
2026/09/23 05:05:33.758, 2745 MHz, 122.32 W, 61, 0 %
2026/09/23 05:05:33.858, 2745 MHz, 122.32 W, 61, 0 %
2026/09/23 05:05:33.959, 2745 MHz, 122.32 W, 61, 0 %
2026/09/23 05:05:34.059, 405 MHz, 103.84 W, 59, 0 %
2026/09/23 05:05:34.159, 405 MHz, 103.84 W, 59, 0 %
2026/09/23 05:05:34.259, 405 MHz, 103.84 W, 59, 0 %
2026/09/23 05:05:34.359, 405 MHz, 103.84 W, 59, 0 %
2026/09/23 05:05:34.459, 405 MHz, 103.84 W, 59, 0 %
2026/09/23 05:05:34.559, 405 MHz, 103.84 W, 59, 0 %
2026/09/23 05:05:34.659, 405 MHz, 103.84 W, 59, 0 %
2026/09/23 05:05:34.759, 405 MHz, 103.84 W, 59, 0 %
2026/09/23 05:05:34.860, 405 MHz, 103.84 W, 59, 0 %
2026/09/23 05:05:34.960, 405 MHz, 103.84 W, 59, 0 %
2026/09/23 05:05:35.060, 405 MHz, 103.84 W, 59, 0 %
2026/09/23 05:05:35.160, 2745 MHz, 84.17 W, 60, 56 %
2026/09/23 05:05:35.260, 2745 MHz, 84.17 W, 60, 56 %
2026/09/23 05:05:35.360, 2745 MHz, 84.17 W, 60, 56 %
2026/09/23 05:05:35.460, 2745 MHz, 84.17 W, 60, 56 %
2026/09/23 05:05:35.560, 2745 MHz, 84.17 W, 60, 56 %
2026/09/23 05:05:35.660, 2745 MHz, 84.17 W, 60, 56 %
2026/09/23 05:05:35.760, 2745 MHz, 123.82 W, 60, 0 %
2026/09/23 05:05:35.861, 2745 MHz, 123.82 W, 60, 0 %
2026/09/23 05:05:35.961, 2745 MHz, 123.82 W, 60, 0 %
2026/09/23 05:05:36.061, 2745 MHz, 123.82 W, 60, 0 %
2026/09/23 05:05:36.161, 2745 MHz, 133.67 W, 60, 0 %
2026/09/23 05:05:36.261, 2745 MHz, 133.67 W, 60, 0 %
2026/09/23 05:05:36.361, 2745 MHz, 133.67 W, 60, 0 %
2026/09/23 05:05:36.461, 2745 MHz, 133.67 W, 60, 0 %
2026/09/23 05:05:36.561, 2745 MHz, 133.67 W, 60, 0 %
2026/09/23 05:05:36.661, 2745 MHz, 133.67 W, 60, 0 %
2026/09/23 05:05:36.762, 2745 MHz, 133.71 W, 60, 0 %
2026/09/23 05:05:36.862, 2745 MHz, 133.71 W, 60, 0 %
2026/09/23 05:05:36.962, 2745 MHz, 133.71 W, 60, 0 %
2026/09/23 05:05:37.062, 2745 MHz, 133.71 W, 60, 0 %
2026/09/23 05:05:37.162, 2745 MHz, 133.71 W, 60, 0 %
2026/09/23 05:05:37.262, 2745 MHz, 133.76 W, 60, 58 %
2026/09/23 05:05:37.362, 2745 MHz, 133.76 W, 60, 58 %
2026/09/23 05:05:37.462, 2745 MHz, 133.76 W, 60, 58 %
2026/09/23 05:05:37.562, 2745 MHz, 133.76 W, 60, 58 %
2026/09/23 05:05:37.662, 2745 MHz, 133.76 W, 60, 58 %
2026/09/23 05:05:37.763, 2745 MHz, 135.01 W, 60, 0 %
2026/09/23 05:05:37.863, 2745 MHz, 135.01 W, 60, 0 %
2026/09/23 05:05:37.963, 2745 MHz, 135.01 W, 60, 0 %
2026/09/23 05:05:38.063, 2745 MHz, 135.01 W, 60, 0 %
2026/09/23 05:05:38.163, 2745 MHz, 135.01 W, 60, 0 %
2026/09/23 05:05:38.263, 2745 MHz, 134.19 W, 60, 49 %
2026/09/23 05:05:38.363, 2745 MHz, 134.19 W, 60, 49 %
2026/09/23 05:05:38.463, 2745 MHz, 134.19 W, 60, 49 %
2026/09/23 05:05:38.563, 2745 MHz, 134.19 W, 60, 49 %
2026/09/23 05:05:38.663, 2745 MHz, 134.19 W, 60, 49 %
2026/09/23 05:05:38.764, 2745 MHz, 134.19 W, 60, 49 %
2026/09/23 05:05:38.864, 2745 MHz, 131.01 W, 60, 100 %
2026/09/23 05:05:38.964, 2745 MHz, 131.01 W, 60, 100 %
2026/09/23 05:05:39.064, 2745 MHz, 131.01 W, 60, 100 %
2026/09/23 05:05:39.164, 2745 MHz, 131.01 W, 60, 100 %
2026/09/23 05:05:39.264, 2745 MHz, 130.68 W, 60, 100 %
2026/09/23 05:05:39.364, 2745 MHz, 130.68 W, 60, 100 %
2026/09/23 05:05:39.464, 2745 MHz, 130.68 W, 60, 100 %
2026/09/23 05:05:39.564, 2745 MHz, 130.68 W, 60, 100 %
2026/09/23 05:05:39.664, 2745 MHz, 130.68 W, 60, 100 %
2026/09/23 05:05:39.765, 2745 MHz, 130.68 W, 60, 100 %
2026/09/23 05:05:39.865, 2745 MHz, 131.28 W, 60, 100 %
2026/09/23 05:05:39.965, 2745 MHz, 131.28 W, 60, 100 %
2026/09/23 05:05:40.065, 2745 MHz, 131.28 W, 60, 100 %
2026/09/23 05:05:40.165, 2745 MHz, 131.28 W, 60, 100 %
2026/09/23 05:05:40.265, 2745 MHz, 129.21 W, 59, 59 %
2026/09/23 05:05:40.365, 2745 MHz, 129.21 W, 59, 59 %
2026/09/23 05:05:40.465, 2745 MHz, 129.21 W, 59, 59 %
2026/09/23 05:05:40.565, 2745 MHz, 129.21 W, 59, 59 %
2026/09/23 05:05:40.665, 2745 MHz, 129.21 W, 59, 59 %
2026/09/23 05:05:40.766, 2745 MHz, 125.72 W, 59, 56 %
2026/09/23 05:05:40.866, 2745 MHz, 125.72 W, 59, 56 %
2026/09/23 05:05:40.966, 2745 MHz, 125.72 W, 59, 56 %
2026/09/23 05:05:41.066, 2745 MHz, 125.72 W, 59, 56 %
2026/09/23 05:05:41.166, 2745 MHz, 125.72 W, 59, 56 %
2026/09/23 05:05:41.266, 2745 MHz, 121.49 W, 59, 57 %
2026/09/23 05:05:41.366, 2745 MHz, 121.49 W, 59, 57 %
2026/09/23 05:05:41.466, 2745 MHz, 121.49 W, 59, 57 %
2026/09/23 05:05:41.566, 2745 MHz, 121.49 W, 59, 57 %
2026/09/23 05:05:41.666, 2745 MHz, 121.49 W, 59, 57 %
2026/09/23 05:05:41.767, 2745 MHz, 121.21 W, 59, 59 %
2026/09/23 05:05:41.867, 2745 MHz, 121.21 W, 59, 59 %
2026/09/23 05:05:41.967, 2745 MHz, 121.21 W, 59, 59 %
2026/09/23 05:05:42.067, 2745 MHz, 121.21 W, 59, 59 %
2026/09/23 05:05:42.167, 2745 MHz, 121.21 W, 59, 59 %
2026/09/23 05:05:42.267, 2745 MHz, 120.79 W, 59, 55 %
2026/09/23 05:05:42.367, 2745 MHz, 120.79 W, 59, 55 %
2026/09/23 05:05:42.467, 2745 MHz, 120.79 W, 59, 55 %
2026/09/23 05:05:42.567, 2745 MHz, 120.79 W, 59, 55 %
2026/09/23 05:05:42.667, 2745 MHz, 120.79 W, 59, 55 %
2026/09/23 05:05:42.768, 2745 MHz, 120.73 W, 59, 56 %
2026/09/23 05:05:42.868, 2745 MHz, 120.73 W, 59, 56 %
2026/09/23 05:05:42.968, 2745 MHz, 120.73 W, 59, 56 %
2026/09/23 05:05:43.068, 2745 MHz, 120.73 W, 59, 56 %
2026/09/23 05:05:43.168, 2745 MHz, 120.73 W, 59, 56 %
2026/09/23 05:05:43.268, 2745 MHz, 120.55 W, 58, 22 %
2026/09/23 05:05:43.368, 2745 MHz, 120.55 W, 58, 22 %
2026/09/23 05:05:43.468, 2745 MHz, 120.55 W, 58, 22 %
2026/09/23 05:05:43.568, 2745 MHz, 120.55 W, 58, 22 %
2026/09/23 05:05:43.669, 2745 MHz, 120.55 W, 58, 22 %
2026/09/23 05:05:43.769, 2745 MHz, 119.94 W, 58, 0 %
2026/09/23 05:05:43.869, 2745 MHz, 119.94 W, 58, 0 %
2026/09/23 05:05:43.969, 2745 MHz, 119.94 W, 58, 0 %
2026/09/23 05:05:44.069, 2745 MHz, 119.94 W, 58, 0 %
2026/09/23 05:05:44.169, 2745 MHz, 119.94 W, 58, 0 %
2026/09/23 05:05:44.269, 2745 MHz, 119.53 W, 58, 1 %
2026/09/23 05:05:44.369, 2745 MHz, 119.53 W, 58, 1 %
2026/09/23 05:05:44.469, 2745 MHz, 119.53 W, 58, 1 %
2026/09/23 05:05:44.569, 2745 MHz, 119.53 W, 58, 1 %
2026/09/23 05:05:44.670, 2745 MHz, 119.53 W, 58, 1 %
2026/09/23 05:05:44.770, 2745 MHz, 143.45 W, 67, 76 %
2026/09/23 05:05:44.870, 2745 MHz, 143.45 W, 67, 76 %
2026/09/23 05:05:44.970, 2745 MHz, 143.45 W, 67, 76 %
2026/09/23 05:05:45.070, 2745 MHz, 143.45 W, 67, 76 %
2026/09/23 05:05:45.170, 2745 MHz, 143.45 W, 67, 76 %
2026/09/23 05:05:45.270, 2745 MHz, 143.45 W, 67, 76 %
2026/09/23 05:05:45.370, 2745 MHz, 196.13 W, 60, 100 %
2026/09/23 05:05:45.470, 2745 MHz, 196.13 W, 60, 100 %
2026/09/23 05:05:45.570, 2745 MHz, 196.13 W, 60, 100 %
2026/09/23 05:05:45.671, 2745 MHz, 196.13 W, 60, 100 %
2026/09/23 05:05:45.771, 2745 MHz, 196.13 W, 60, 100 %
2026/09/23 05:05:45.871, 2730 MHz, 246.40 W, 62, 100 %
2026/09/23 05:05:45.971, 2730 MHz, 246.40 W, 62, 100 %
2026/09/23 05:05:46.071, 2730 MHz, 246.40 W, 62, 100 %
2026/09/23 05:05:46.171, 2730 MHz, 246.40 W, 62, 100 %
2026/09/23 05:05:46.271, 2745 MHz, 246.40 W, 62, 100 %
2026/09/23 05:05:46.371, 2745 MHz, 230.49 W, 65, 95 %
2026/09/23 05:05:46.471, 2745 MHz, 230.49 W, 65, 95 %
2026/09/23 05:05:46.571, 2745 MHz, 230.49 W, 65, 95 %
2026/09/23 05:05:46.672, 2745 MHz, 230.49 W, 65, 95 %
2026/09/23 05:05:46.772, 2745 MHz, 230.49 W, 65, 95 %
2026/09/23 05:05:46.872, 2730 MHz, 258.93 W, 64, 100 %
2026/09/23 05:05:46.972, 2730 MHz, 258.93 W, 64, 100 %
2026/09/23 05:05:47.072, 2730 MHz, 258.93 W, 64, 100 %
2026/09/23 05:05:47.172, 2730 MHz, 258.93 W, 64, 100 %
2026/09/23 05:05:47.272, 2730 MHz, 345.24 W, 69, 100 %
2026/09/23 05:05:47.372, 2730 MHz, 345.24 W, 69, 100 %
2026/09/23 05:05:47.472, 2730 MHz, 345.24 W, 69, 100 %
2026/09/23 05:05:47.572, 2730 MHz, 345.24 W, 69, 100 %
2026/09/23 05:05:47.673, 2730 MHz, 345.24 W, 69, 100 %
2026/09/23 05:05:47.773, 2730 MHz, 406.94 W, 70, 100 %
2026/09/23 05:05:47.873, 2730 MHz, 406.94 W, 70, 100 %
2026/09/23 05:05:47.973, 2730 MHz, 406.94 W, 70, 100 %
2026/09/23 05:05:48.073, 2730 MHz, 406.94 W, 70, 100 %
2026/09/23 05:05:48.173, 2730 MHz, 406.94 W, 70, 100 %
2026/09/23 05:05:48.273, 2730 MHz, 406.30 W, 66, 100 %
2026/09/23 05:05:48.373, 2730 MHz, 406.30 W, 66, 100 %
2026/09/23 05:05:48.473, 2730 MHz, 406.30 W, 66, 100 %
2026/09/23 05:05:48.573, 2730 MHz, 406.30 W, 66, 100 %
2026/09/23 05:05:48.674, 2730 MHz, 406.30 W, 66, 100 %
2026/09/23 05:05:48.774, 2730 MHz, 386.28 W, 69, 100 %
2026/09/23 05:05:48.874, 2730 MHz, 386.28 W, 69, 100 %
2026/09/23 05:05:48.974, 2730 MHz, 386.28 W, 69, 100 %
2026/09/23 05:05:49.074, 2730 MHz, 386.28 W, 69, 100 %
2026/09/23 05:05:49.174, 2730 MHz, 386.28 W, 69, 100 %
2026/09/23 05:05:49.274, 2730 MHz, 327.99 W, 69, 100 %
2026/09/23 05:05:49.374, 2730 MHz, 327.99 W, 63, 100 %
2026/09/23 05:05:49.474, 2730 MHz, 327.99 W, 63, 100 %
2026/09/23 05:05:49.575, 2730 MHz, 327.99 W, 63, 100 %
2026/09/23 05:05:49.675, 2730 MHz, 327.99 W, 63, 100 %
2026/09/23 05:05:49.775, 2745 MHz, 229.59 W, 66, 100 %
2026/09/23 05:05:49.875, 2745 MHz, 229.59 W, 66, 100 %
2026/09/23 05:05:49.975, 2745 MHz, 229.59 W, 66, 100 %
2026/09/23 05:05:50.075, 2745 MHz, 229.59 W, 66, 100 %
2026/09/23 05:05:50.175, 2745 MHz, 229.59 W, 66, 100 %
2026/09/23 05:05:50.275, 2745 MHz, 229.59 W, 66, 100 %
2026/09/23 05:05:50.375, 2730 MHz, 258.29 W, 67, 100 %
2026/09/23 05:05:50.476, 2730 MHz, 258.29 W, 67, 100 %
2026/09/23 05:05:50.576, 2730 MHz, 258.29 W, 67, 100 %
2026/09/23 05:05:50.676, 2730 MHz, 258.29 W, 67, 100 %
2026/09/23 05:05:50.776, 2730 MHz, 325.88 W, 67, 100 %
2026/09/23 05:05:50.876, 2730 MHz, 325.88 W, 65, 100 %
2026/09/23 05:05:50.976, 2730 MHz, 325.88 W, 65, 100 %
2026/09/23 05:05:51.076, 2730 MHz, 325.88 W, 65, 100 %
2026/09/23 05:05:51.176, 2730 MHz, 325.88 W, 65, 100 %
2026/09/23 05:05:51.276, 2730 MHz, 336.50 W, 68, 100 %
2026/09/23 05:05:51.376, 2730 MHz, 336.50 W, 68, 100 %
2026/09/23 05:05:51.476, 2730 MHz, 336.50 W, 68, 100 %
2026/09/23 05:05:51.577, 2730 MHz, 336.50 W, 68, 100 %
2026/09/23 05:05:51.677, 2730 MHz, 336.50 W, 68, 100 %
2026/09/23 05:05:51.777, 2730 MHz, 328.79 W, 66, 74 %
2026/09/23 05:05:51.877, 2730 MHz, 328.79 W, 66, 74 %
2026/09/23 05:05:51.977, 2730 MHz, 328.79 W, 66, 74 %
2026/09/23 05:05:52.077, 2730 MHz, 328.79 W, 66, 74 %
2026/09/23 05:05:52.177, 2730 MHz, 328.79 W, 66, 74 %
2026/09/23 05:05:52.277, 2745 MHz, 313.36 W, 65, 100 %
2026/09/23 05:05:52.377, 2745 MHz, 313.36 W, 65, 100 %
2026/09/23 05:05:52.478, 2745 MHz, 313.36 W, 65, 100 %
2026/09/23 05:05:52.578, 2745 MHz, 313.36 W, 65, 100 %
2026/09/23 05:05:52.678, 2745 MHz, 313.36 W, 65, 100 %
2026/09/23 05:05:52.778, 2745 MHz, 313.36 W, 65, 100 %
2026/09/23 05:05:52.878, 2730 MHz, 313.18 W, 66, 100 %
2026/09/23 05:05:52.978, 2730 MHz, 313.18 W, 66, 100 %
2026/09/23 05:05:53.078, 2730 MHz, 313.18 W, 66, 100 %
2026/09/23 05:05:53.178, 2730 MHz, 313.18 W, 66, 100 %
2026/09/23 05:05:53.278, 2730 MHz, 313.18 W, 66, 100 %
2026/09/23 05:05:53.378, 2730 MHz, 273.36 W, 62, 100 %
2026/09/23 05:05:53.479, 2730 MHz, 273.36 W, 62, 100 %
2026/09/23 05:05:53.579, 2730 MHz, 273.36 W, 62, 100 %
2026/09/23 05:05:53.679, 2730 MHz, 273.36 W, 62, 100 %
2026/09/23 05:05:53.779, 2730 MHz, 273.36 W, 62, 100 %
2026/09/23 05:05:53.879, 2730 MHz, 220.32 W, 69, 100 %
2026/09/23 05:05:53.979, 2730 MHz, 220.32 W, 69, 100 %
2026/09/23 05:05:54.079, 2730 MHz, 220.32 W, 69, 100 %
2026/09/23 05:05:54.179, 2730 MHz, 220.32 W, 69, 100 %
2026/09/23 05:05:54.279, 2730 MHz, 220.32 W, 69, 100 %
2026/09/23 05:05:54.379, 2730 MHz, 204.99 W, 61, 100 %
2026/09/23 05:05:54.479, 2730 MHz, 204.99 W, 61, 100 %
2026/09/23 05:05:54.580, 2730 MHz, 204.99 W, 61, 100 %
2026/09/23 05:05:54.680, 2730 MHz, 204.99 W, 61, 100 %
2026/09/23 05:05:54.780, 2730 MHz, 204.99 W, 61, 100 %
2026/09/23 05:05:54.880, 2730 MHz, 237.46 W, 67, 100 %
2026/09/23 05:05:54.980, 2730 MHz, 237.46 W, 67, 100 %
2026/09/23 05:05:55.080, 2730 MHz, 237.46 W, 67, 100 %
2026/09/23 05:05:55.180, 2730 MHz, 237.46 W, 67, 100 %
2026/09/23 05:05:55.280, 2730 MHz, 237.46 W, 67, 100 %
2026/09/23 05:05:55.380, 2730 MHz, 294.49 W, 67, 100 %
2026/09/23 05:05:55.481, 2730 MHz, 294.49 W, 66, 100 %
2026/09/23 05:05:55.581, 2730 MHz, 294.49 W, 66, 100 %
2026/09/23 05:05:55.681, 2730 MHz, 294.49 W, 66, 100 %
2026/09/23 05:05:55.781, 2730 MHz, 294.49 W, 66, 100 %
2026/09/23 05:05:55.881, 2730 MHz, 317.86 W, 66, 100 %
2026/09/23 05:05:55.981, 2730 MHz, 317.86 W, 67, 100 %
2026/09/23 05:05:56.081, 2730 MHz, 317.86 W, 67, 100 %
2026/09/23 05:05:56.181, 2730 MHz, 317.86 W, 67, 100 %
2026/09/23 05:05:56.281, 2730 MHz, 317.86 W, 67, 100 %
2026/09/23 05:05:56.381, 2730 MHz, 326.77 W, 67, 100 %
2026/09/23 05:05:56.482, 2730 MHz, 326.77 W, 69, 100 %
2026/09/23 05:05:56.582, 2730 MHz, 326.77 W, 69, 100 %
2026/09/23 05:05:56.682, 2730 MHz, 326.77 W, 69, 100 %
2026/09/23 05:05:56.782, 2730 MHz, 326.77 W, 69, 100 %
2026/09/23 05:05:56.882, 2730 MHz, 329.02 W, 69, 100 %
2026/09/23 05:05:56.982, 2730 MHz, 329.02 W, 65, 100 %
2026/09/23 05:05:57.082, 2730 MHz, 329.02 W, 65, 100 %
2026/09/23 05:05:57.182, 2730 MHz, 329.02 W, 65, 100 %
2026/09/23 05:05:57.282, 2730 MHz, 329.02 W, 65, 100 %
2026/09/23 05:05:57.382, 2730 MHz, 360.77 W, 65, 100 %
2026/09/23 05:05:57.483, 2730 MHz, 360.77 W, 68, 100 %
2026/09/23 05:05:57.583, 2730 MHz, 360.77 W, 68, 100 %
2026/09/23 05:05:57.683, 2730 MHz, 360.77 W, 68, 100 %
2026/09/23 05:05:57.783, 2730 MHz, 360.77 W, 68, 100 %
2026/09/23 05:05:57.883, 2730 MHz, 296.80 W, 66, 100 %
2026/09/23 05:05:57.983, 2730 MHz, 296.80 W, 66, 100 %
2026/09/23 05:05:58.083, 2730 MHz, 296.80 W, 66, 100 %
2026/09/23 05:05:58.183, 2730 MHz, 296.80 W, 66, 100 %
2026/09/23 05:05:58.283, 2730 MHz, 296.80 W, 66, 100 %
2026/09/23 05:05:58.384, 2730 MHz, 296.80 W, 66, 100 %
2026/09/23 05:05:58.484, 2730 MHz, 223.67 W, 62, 100 %
2026/09/23 05:05:58.584, 2730 MHz, 223.67 W, 62, 100 %
2026/09/23 05:05:58.684, 2730 MHz, 223.67 W, 62, 100 %
2026/09/23 05:05:58.784, 2730 MHz, 223.67 W, 62, 100 %
2026/09/23 05:05:58.884, 2730 MHz, 223.67 W, 62, 100 %
2026/09/23 05:05:58.984, 2730 MHz, 238.42 W, 63, 100 %
2026/09/23 05:05:59.084, 2730 MHz, 238.42 W, 63, 100 %
2026/09/23 05:05:59.184, 2730 MHz, 238.42 W, 63, 100 %
2026/09/23 05:05:59.284, 2730 MHz, 238.42 W, 63, 100 %
2026/09/23 05:05:59.385, 2730 MHz, 238.42 W, 63, 100 %
2026/09/23 05:05:59.485, 2730 MHz, 238.42 W, 63, 100 %
2026/09/23 05:05:59.585, 2730 MHz, 251.09 W, 65, 100 %
2026/09/23 05:05:59.685, 2730 MHz, 251.09 W, 65, 100 %
2026/09/23 05:05:59.785, 2730 MHz, 251.09 W, 65, 100 %
2026/09/23 05:05:59.885, 2730 MHz, 251.09 W, 65, 100 %
2026/09/23 05:05:59.985, 2730 MHz, 296.83 W, 70, 100 %
2026/09/23 05:06:00.085, 2730 MHz, 296.83 W, 70, 100 %
2026/09/23 05:06:00.185, 2730 MHz, 296.83 W, 70, 100 %
2026/09/23 05:06:00.285, 2730 MHz, 296.83 W, 70, 100 %
2026/09/23 05:06:00.385, 2730 MHz, 296.83 W, 70, 100 %
2026/09/23 05:06:00.486, 2730 MHz, 328.32 W, 67, 100 %
2026/09/23 05:06:00.586, 2730 MHz, 328.32 W, 67, 100 %
2026/09/23 05:06:00.686, 2730 MHz, 328.32 W, 67, 100 %
2026/09/23 05:06:00.786, 2730 MHz, 328.32 W, 67, 100 %
2026/09/23 05:06:00.886, 2730 MHz, 328.32 W, 67, 100 %
2026/09/23 05:06:00.986, 2730 MHz, 337.07 W, 66, 100 %
2026/09/23 05:06:01.086, 2730 MHz, 337.07 W, 66, 100 %
2026/09/23 05:06:01.186, 2730 MHz, 337.07 W, 66, 100 %
2026/09/23 05:06:01.286, 2730 MHz, 337.07 W, 66, 100 %
2026/09/23 05:06:01.386, 2730 MHz, 337.07 W, 66, 100 %
2026/09/23 05:06:01.487, 2730 MHz, 328.78 W, 71, 100 %
2026/09/23 05:06:01.587, 2730 MHz, 328.78 W, 71, 100 %
2026/09/23 05:06:01.687, 2730 MHz, 328.78 W, 71, 100 %
2026/09/23 05:06:01.787, 2730 MHz, 328.78 W, 71, 100 %
2026/09/23 05:06:01.887, 2730 MHz, 328.78 W, 71, 100 %
2026/09/23 05:06:01.987, 2730 MHz, 376.12 W, 71, 100 %
2026/09/23 05:06:02.087, 2730 MHz, 376.12 W, 71, 100 %
2026/09/23 05:06:02.187, 2730 MHz, 376.12 W, 71, 100 %
2026/09/23 05:06:02.287, 2730 MHz, 376.12 W, 71, 100 %
2026/09/23 05:06:02.388, 2730 MHz, 376.12 W, 71, 100 %
2026/09/23 05:06:02.488, 2730 MHz, 405.67 W, 68, 100 %
2026/09/23 05:06:02.588, 2730 MHz, 405.67 W, 68, 100 %
2026/09/23 05:06:02.688, 2730 MHz, 405.67 W, 68, 100 %
2026/09/23 05:06:02.788, 2730 MHz, 405.67 W, 68, 100 %
2026/09/23 05:06:02.888, 2730 MHz, 405.67 W, 68, 100 %
2026/09/23 05:06:02.988, 2730 MHz, 365.71 W, 69, 100 %
2026/09/23 05:06:03.088, 2730 MHz, 365.71 W, 69, 100 %
2026/09/23 05:06:03.188, 2730 MHz, 365.71 W, 69, 100 %
2026/09/23 05:06:03.288, 2730 MHz, 365.71 W, 69, 100 %
2026/09/23 05:06:03.388, 2730 MHz, 365.71 W, 69, 100 %
2026/09/23 05:06:03.489, 2730 MHz, 345.98 W, 67, 100 %
2026/09/23 05:06:03.589, 2730 MHz, 345.98 W, 67, 100 %
2026/09/23 05:06:03.689, 2730 MHz, 345.98 W, 67, 100 %
2026/09/23 05:06:03.789, 2730 MHz, 345.98 W, 67, 100 %
2026/09/23 05:06:03.889, 2730 MHz, 345.98 W, 67, 100 %
2026/09/23 05:06:03.989, 2715 MHz, 329.51 W, 69, 100 %
2026/09/23 05:06:04.089, 2715 MHz, 329.51 W, 69, 100 %
2026/09/23 05:06:04.189, 2715 MHz, 329.51 W, 69, 100 %
2026/09/23 05:06:04.289, 2715 MHz, 329.51 W, 69, 100 %
2026/09/23 05:06:04.390, 2715 MHz, 329.51 W, 69, 100 %
2026/09/23 05:06:04.490, 2730 MHz, 330.21 W, 69, 100 %
2026/09/23 05:06:04.590, 2730 MHz, 330.21 W, 72, 100 %
2026/09/23 05:06:04.690, 2730 MHz, 330.21 W, 72, 100 %
2026/09/23 05:06:04.790, 2730 MHz, 330.21 W, 72, 100 %
2026/09/23 05:06:04.890, 2730 MHz, 330.21 W, 72, 100 %
2026/09/23 05:06:04.990, 2730 MHz, 338.03 W, 70, 100 %
2026/09/23 05:06:05.090, 2730 MHz, 338.03 W, 70, 100 %
2026/09/23 05:06:05.191, 2730 MHz, 338.03 W, 70, 100 %
2026/09/23 05:06:05.291, 2730 MHz, 338.03 W, 70, 100 %
2026/09/23 05:06:05.391, 2730 MHz, 338.03 W, 70, 100 %
2026/09/23 05:06:05.491, 2730 MHz, 344.01 W, 72, 100 %
2026/09/23 05:06:05.591, 2730 MHz, 344.01 W, 72, 100 %
2026/09/23 05:06:05.691, 2730 MHz, 344.01 W, 72, 100 %
2026/09/23 05:06:05.791, 2730 MHz, 344.01 W, 72, 100 %
2026/09/23 05:06:05.891, 2730 MHz, 344.01 W, 72, 100 %
2026/09/23 05:06:05.991, 2730 MHz, 299.18 W, 66, 100 %
2026/09/23 05:06:06.092, 2730 MHz, 299.18 W, 66, 100 %
2026/09/23 05:06:06.192, 2730 MHz, 299.18 W, 66, 100 %
2026/09/23 05:06:06.292, 2730 MHz, 299.18 W, 66, 100 %
2026/09/23 05:06:06.392, 2730 MHz, 299.18 W, 66, 100 %
2026/09/23 05:06:06.492, 2730 MHz, 248.46 W, 70, 100 %
2026/09/23 05:06:06.592, 2730 MHz, 248.46 W, 70, 100 %
2026/09/23 05:06:06.692, 2730 MHz, 248.46 W, 70, 100 %
2026/09/23 05:06:06.792, 2730 MHz, 248.46 W, 70, 100 %
2026/09/23 05:06:06.892, 2730 MHz, 248.46 W, 70, 100 %
2026/09/23 05:06:06.993, 2730 MHz, 276.95 W, 68, 100 %
2026/09/23 05:06:07.093, 2730 MHz, 276.95 W, 68, 100 %
2026/09/23 05:06:07.193, 2730 MHz, 276.95 W, 68, 100 %
2026/09/23 05:06:07.293, 2730 MHz, 276.95 W, 68, 100 %
2026/09/23 05:06:07.393, 2730 MHz, 276.95 W, 68, 100 %
2026/09/23 05:06:07.493, 2730 MHz, 326.27 W, 66, 100 %
2026/09/23 05:06:07.593, 2730 MHz, 326.27 W, 66, 100 %
2026/09/23 05:06:07.693, 2730 MHz, 326.27 W, 66, 100 %
2026/09/23 05:06:07.793, 2730 MHz, 326.27 W, 66, 100 %
2026/09/23 05:06:07.894, 2730 MHz, 326.27 W, 66, 100 %
2026/09/23 05:06:07.994, 2730 MHz, 323.31 W, 66, 100 %
2026/09/23 05:06:08.094, 2730 MHz, 323.31 W, 66, 100 %
2026/09/23 05:06:08.194, 2730 MHz, 323.31 W, 66, 100 %
2026/09/23 05:06:08.294, 2730 MHz, 323.31 W, 66, 100 %
2026/09/23 05:06:08.394, 2730 MHz, 323.31 W, 66, 100 %
2026/09/23 05:06:08.494, 2730 MHz, 315.02 W, 66, 100 %
2026/09/23 05:06:08.594, 2730 MHz, 315.02 W, 67, 100 %
2026/09/23 05:06:08.694, 2730 MHz, 315.02 W, 67, 100 %
2026/09/23 05:06:08.795, 2730 MHz, 315.02 W, 67, 100 %
2026/09/23 05:06:08.895, 2730 MHz, 315.02 W, 67, 100 %
2026/09/23 05:06:08.995, 2730 MHz, 325.64 W, 67, 100 %
2026/09/23 05:06:09.095, 2730 MHz, 325.64 W, 67, 100 %
2026/09/23 05:06:09.195, 2730 MHz, 325.64 W, 67, 100 %
2026/09/23 05:06:09.295, 2730 MHz, 325.64 W, 67, 100 %
2026/09/23 05:06:09.395, 2730 MHz, 325.64 W, 67, 100 %
2026/09/23 05:06:09.495, 2730 MHz, 307.04 W, 64, 100 %
2026/09/23 05:06:09.595, 2730 MHz, 307.04 W, 64, 100 %
2026/09/23 05:06:09.696, 2730 MHz, 307.04 W, 64, 100 %
2026/09/23 05:06:09.796, 2730 MHz, 307.04 W, 64, 100 %
2026/09/23 05:06:09.896, 2730 MHz, 307.04 W, 64, 100 %
2026/09/23 05:06:09.996, 2730 MHz, 263.93 W, 66, 100 %
2026/09/23 05:06:10.096, 2730 MHz, 263.93 W, 66, 100 %
2026/09/23 05:06:10.196, 2730 MHz, 263.93 W, 66, 100 %
2026/09/23 05:06:10.296, 2730 MHz, 263.93 W, 66, 100 %
2026/09/23 05:06:10.396, 2730 MHz, 263.93 W, 66, 100 %
2026/09/23 05:06:10.497, 2730 MHz, 217.99 W, 65, 100 %
2026/09/23 05:06:10.597, 2730 MHz, 217.99 W, 65, 100 %
2026/09/23 05:06:10.697, 2730 MHz, 217.99 W, 65, 100 %
2026/09/23 05:06:10.797, 2730 MHz, 217.99 W, 65, 100 %
2026/09/23 05:06:10.897, 2730 MHz, 217.99 W, 65, 100 %
2026/09/23 05:06:10.997, 2730 MHz, 222.49 W, 65, 100 %
2026/09/23 05:06:11.097, 2730 MHz, 222.49 W, 64, 100 %
2026/09/23 05:06:11.197, 2730 MHz, 222.49 W, 64, 100 %
2026/09/23 05:06:11.297, 2730 MHz, 222.49 W, 64, 100 %
2026/09/23 05:06:11.398, 2730 MHz, 222.49 W, 64, 100 %
2026/09/23 05:06:11.498, 2730 MHz, 262.53 W, 69, 100 %
2026/09/23 05:06:11.598, 2730 MHz, 262.53 W, 69, 100 %
2026/09/23 05:06:11.698, 2730 MHz, 262.53 W, 69, 100 %
2026/09/23 05:06:11.798, 2730 MHz, 262.53 W, 69, 100 %
2026/09/23 05:06:11.898, 2730 MHz, 262.53 W, 69, 100 %
2026/09/23 05:06:11.998, 2730 MHz, 296.13 W, 65, 76 %
2026/09/23 05:06:12.098, 2730 MHz, 296.13 W, 65, 76 %
2026/09/23 05:06:12.198, 2730 MHz, 296.13 W, 65, 76 %
2026/09/23 05:06:12.298, 2730 MHz, 296.13 W, 65, 76 %
2026/09/23 05:06:12.399, 2730 MHz, 296.13 W, 65, 76 %
2026/09/23 05:06:12.499, 2730 MHz, 311.31 W, 70, 100 %
2026/09/23 05:06:12.599, 2730 MHz, 311.31 W, 70, 100 %
2026/09/23 05:06:12.699, 2730 MHz, 311.31 W, 70, 100 %
2026/09/23 05:06:12.799, 2730 MHz, 311.31 W, 70, 100 %
2026/09/23 05:06:12.899, 2730 MHz, 311.31 W, 70, 100 %
2026/09/23 05:06:12.999, 2730 MHz, 311.31 W, 70, 100 %
2026/09/23 05:06:13.099, 2730 MHz, 325.98 W, 68, 100 %
2026/09/23 05:06:13.199, 2730 MHz, 325.98 W, 68, 100 %
2026/09/23 05:06:13.299, 2730 MHz, 325.98 W, 68, 100 %
2026/09/23 05:06:13.400, 2730 MHz, 325.98 W, 68, 100 %
2026/09/23 05:06:13.500, 2730 MHz, 350.48 W, 68, 100 %
2026/09/23 05:06:13.600, 2730 MHz, 350.48 W, 67, 100 %
2026/09/23 05:06:13.700, 2730 MHz, 350.48 W, 67, 100 %
2026/09/23 05:06:13.800, 2730 MHz, 350.48 W, 67, 100 %
2026/09/23 05:06:13.900, 2730 MHz, 350.48 W, 67, 100 %
2026/09/23 05:06:14.000, 2730 MHz, 350.48 W, 67, 100 %
2026/09/23 05:06:14.100, 2715 MHz, 343.87 W, 70, 100 %
2026/09/23 05:06:14.200, 2715 MHz, 343.87 W, 70, 100 %
2026/09/23 05:06:14.300, 2715 MHz, 343.87 W, 70, 100 %
2026/09/23 05:06:14.401, 2715 MHz, 343.87 W, 70, 100 %
2026/09/23 05:06:14.501, 2730 MHz, 311.80 W, 64, 100 %
2026/09/23 05:06:14.601, 2730 MHz, 311.80 W, 64, 100 %
2026/09/23 05:06:14.701, 2730 MHz, 311.80 W, 64, 100 %
2026/09/23 05:06:14.801, 2730 MHz, 311.80 W, 64, 100 %
2026/09/23 05:06:14.901, 2730 MHz, 311.80 W, 64, 100 %
2026/09/23 05:06:15.001, 2730 MHz, 311.80 W, 64, 100 %
2026/09/23 05:06:15.101, 2730 MHz, 230.63 W, 64, 100 %
2026/09/23 05:06:15.201, 2730 MHz, 230.63 W, 64, 100 %
2026/09/23 05:06:15.301, 2730 MHz, 230.63 W, 64, 100 %
2026/09/23 05:06:15.402, 2730 MHz, 230.63 W, 64, 100 %
2026/09/23 05:06:15.502, 2730 MHz, 198.59 W, 64, 100 %
2026/09/23 05:06:15.602, 2730 MHz, 198.59 W, 64, 100 %
2026/09/23 05:06:15.702, 2730 MHz, 198.59 W, 64, 100 %
2026/09/23 05:06:15.802, 2730 MHz, 198.59 W, 64, 100 %
2026/09/23 05:06:15.902, 2730 MHz, 198.59 W, 64, 100 %
2026/09/23 05:06:16.002, 2730 MHz, 198.59 W, 64, 100 %
2026/09/23 05:06:16.102, 2730 MHz, 224.94 W, 64, 100 %
2026/09/23 05:06:16.202, 2730 MHz, 224.94 W, 64, 100 %
2026/09/23 05:06:16.302, 2730 MHz, 224.94 W, 64, 100 %
2026/09/23 05:06:16.403, 2730 MHz, 224.94 W, 64, 100 %
2026/09/23 05:06:16.503, 2730 MHz, 224.94 W, 64, 100 %
2026/09/23 05:06:16.603, 2730 MHz, 272.20 W, 69, 100 %
2026/09/23 05:06:16.703, 2730 MHz, 272.20 W, 69, 100 %
2026/09/23 05:06:16.803, 2730 MHz, 272.20 W, 69, 100 %
2026/09/23 05:06:16.903, 2730 MHz, 272.20 W, 69, 100 %
2026/09/23 05:06:17.003, 2730 MHz, 272.20 W, 69, 100 %
2026/09/23 05:06:17.103, 2730 MHz, 308.10 W, 72, 100 %
2026/09/23 05:06:17.203, 2730 MHz, 308.10 W, 72, 100 %
2026/09/23 05:06:17.304, 2730 MHz, 308.10 W, 72, 100 %
2026/09/23 05:06:17.404, 2730 MHz, 308.10 W, 72, 100 %
2026/09/23 05:06:17.504, 2730 MHz, 308.10 W, 72, 100 %
2026/09/23 05:06:17.604, 2730 MHz, 334.49 W, 69, 100 %
2026/09/23 05:06:17.704, 2730 MHz, 334.49 W, 69, 100 %
2026/09/23 05:06:17.804, 2730 MHz, 334.49 W, 69, 100 %
2026/09/23 05:06:17.904, 2730 MHz, 334.49 W, 69, 100 %
2026/09/23 05:06:18.004, 2730 MHz, 334.49 W, 69, 100 %
2026/09/23 05:06:18.104, 2730 MHz, 342.80 W, 69, 100 %
2026/09/23 05:06:18.204, 2730 MHz, 342.80 W, 69, 100 %
2026/09/23 05:06:18.304, 2730 MHz, 342.80 W, 69, 100 %
2026/09/23 05:06:18.405, 2730 MHz, 342.80 W, 69, 100 %
2026/09/23 05:06:18.505, 2730 MHz, 342.80 W, 69, 100 %
2026/09/23 05:06:18.605, 2715 MHz, 333.80 W, 69, 100 %
2026/09/23 05:06:18.705, 2715 MHz, 333.80 W, 69, 100 %
2026/09/23 05:06:18.805, 2715 MHz, 333.80 W, 69, 100 %
2026/09/23 05:06:18.905, 2715 MHz, 333.80 W, 69, 100 %
2026/09/23 05:06:19.005, 2715 MHz, 333.80 W, 69, 100 %
2026/09/23 05:06:19.105, 2715 MHz, 310.27 W, 69, 100 %
2026/09/23 05:06:19.205, 2715 MHz, 310.27 W, 69, 100 %
2026/09/23 05:06:19.306, 2715 MHz, 310.27 W, 69, 100 %
2026/09/23 05:06:19.406, 2715 MHz, 310.27 W, 69, 100 %
2026/09/23 05:06:19.506, 2715 MHz, 310.27 W, 69, 100 %
2026/09/23 05:06:19.606, 2730 MHz, 268.37 W, 67, 100 %
2026/09/23 05:06:19.706, 2730 MHz, 268.37 W, 67, 100 %
2026/09/23 05:06:19.806, 2730 MHz, 268.37 W, 67, 100 %
2026/09/23 05:06:19.906, 2730 MHz, 268.37 W, 67, 100 %
2026/09/23 05:06:20.006, 2730 MHz, 268.37 W, 67, 100 %
2026/09/23 05:06:20.106, 2730 MHz, 208.26 W, 66, 100 %
2026/09/23 05:06:20.206, 2730 MHz, 208.26 W, 66, 100 %
2026/09/23 05:06:20.307, 2730 MHz, 208.26 W, 66, 100 %
2026/09/23 05:06:20.407, 2730 MHz, 208.26 W, 66, 100 %
2026/09/23 05:06:20.507, 2730 MHz, 208.26 W, 66, 100 %
2026/09/23 05:06:20.607, 2730 MHz, 219.41 W, 66, 100 %
2026/09/23 05:06:20.707, 2730 MHz, 219.41 W, 65, 100 %
2026/09/23 05:06:20.807, 2730 MHz, 219.41 W, 65, 100 %
2026/09/23 05:06:20.907, 2730 MHz, 219.41 W, 65, 100 %
2026/09/23 05:06:21.007, 2730 MHz, 219.41 W, 65, 100 %
2026/09/23 05:06:21.107, 2730 MHz, 251.48 W, 70, 100 %
2026/09/23 05:06:21.207, 2730 MHz, 251.48 W, 70, 100 %
2026/09/23 05:06:21.308, 2730 MHz, 251.48 W, 70, 100 %
2026/09/23 05:06:21.408, 2730 MHz, 251.48 W, 70, 100 %
2026/09/23 05:06:21.508, 2730 MHz, 251.48 W, 70, 100 %
2026/09/23 05:06:21.608, 2730 MHz, 308.71 W, 69, 100 %
2026/09/23 05:06:21.708, 2730 MHz, 308.71 W, 69, 100 %
2026/09/23 05:06:21.808, 2730 MHz, 308.71 W, 69, 100 %
2026/09/23 05:06:21.908, 2730 MHz, 308.71 W, 69, 100 %
2026/09/23 05:06:22.008, 2730 MHz, 308.71 W, 69, 100 %
2026/09/23 05:06:22.108, 2730 MHz, 328.42 W, 69, 100 %
2026/09/23 05:06:22.208, 2730 MHz, 328.42 W, 70, 100 %
2026/09/23 05:06:22.309, 2730 MHz, 328.42 W, 70, 100 %
2026/09/23 05:06:22.409, 2730 MHz, 328.42 W, 70, 100 %
2026/09/23 05:06:22.509, 2730 MHz, 328.42 W, 70, 100 %
2026/09/23 05:06:22.609, 2730 MHz, 326.24 W, 71, 100 %
2026/09/23 05:06:22.709, 2730 MHz, 326.24 W, 71, 100 %
2026/09/23 05:06:22.809, 2730 MHz, 326.24 W, 71, 100 %
2026/09/23 05:06:22.909, 2730 MHz, 326.24 W, 71, 100 %
2026/09/23 05:06:23.009, 2730 MHz, 326.24 W, 71, 100 %
2026/09/23 05:06:23.109, 2730 MHz, 332.42 W, 71, 100 %
2026/09/23 05:06:23.209, 2730 MHz, 332.42 W, 69, 100 %
2026/09/23 05:06:23.310, 2730 MHz, 332.42 W, 69, 100 %
2026/09/23 05:06:23.410, 2730 MHz, 332.42 W, 69, 100 %
2026/09/23 05:06:23.510, 2730 MHz, 332.42 W, 69, 100 %
2026/09/23 05:06:23.610, 2730 MHz, 333.11 W, 71, 100 %
2026/09/23 05:06:23.710, 2730 MHz, 333.11 W, 71, 100 %
2026/09/23 05:06:23.810, 2730 MHz, 333.11 W, 71, 100 %
2026/09/23 05:06:23.910, 2730 MHz, 333.11 W, 71, 100 %
2026/09/23 05:06:24.010, 2730 MHz, 333.11 W, 71, 100 %
2026/09/23 05:06:24.110, 2715 MHz, 261.62 W, 64, 100 %
2026/09/23 05:06:24.210, 2715 MHz, 261.62 W, 64, 100 %
2026/09/23 05:06:24.311, 2715 MHz, 261.62 W, 64, 100 %
2026/09/23 05:06:24.411, 2715 MHz, 261.62 W, 64, 100 %
2026/09/23 05:06:24.511, 2715 MHz, 261.62 W, 64, 100 %
2026/09/23 05:06:24.611, 2730 MHz, 200.76 W, 64, 100 %
2026/09/23 05:06:24.711, 2730 MHz, 200.76 W, 64, 100 %
2026/09/23 05:06:24.811, 2730 MHz, 200.76 W, 64, 100 %
2026/09/23 05:06:24.911, 2730 MHz, 200.76 W, 64, 100 %
2026/09/23 05:06:25.011, 2730 MHz, 200.76 W, 64, 100 %
2026/09/23 05:06:25.111, 2730 MHz, 200.76 W, 64, 100 %
2026/09/23 05:06:25.211, 2730 MHz, 201.80 W, 64, 100 %
2026/09/23 05:06:25.312, 2730 MHz, 201.80 W, 64, 100 %
2026/09/23 05:06:25.412, 2730 MHz, 201.80 W, 64, 100 %
2026/09/23 05:06:25.512, 2730 MHz, 201.80 W, 64, 100 %
2026/09/23 05:06:25.612, 2730 MHz, 201.80 W, 64, 100 %
2026/09/23 05:06:25.712, 2730 MHz, 227.56 W, 64, 100 %
2026/09/23 05:06:25.812, 2730 MHz, 227.56 W, 64, 100 %
2026/09/23 05:06:25.912, 2730 MHz, 227.56 W, 64, 100 %
2026/09/23 05:06:26.012, 2730 MHz, 227.56 W, 64, 100 %
2026/09/23 05:06:26.112, 2730 MHz, 227.56 W, 64, 100 %
2026/09/23 05:06:26.213, 2730 MHz, 251.42 W, 68, 100 %
2026/09/23 05:06:26.313, 2730 MHz, 251.42 W, 68, 100 %
2026/09/23 05:06:26.413, 2730 MHz, 251.42 W, 68, 100 %
2026/09/23 05:06:26.513, 2730 MHz, 251.42 W, 68, 100 %
2026/09/23 05:06:26.613, 2730 MHz, 287.10 W, 71, 100 %
2026/09/23 05:06:26.713, 2730 MHz, 287.10 W, 71, 100 %
2026/09/23 05:06:26.813, 2730 MHz, 287.10 W, 71, 100 %
2026/09/23 05:06:26.913, 2730 MHz, 287.10 W, 71, 100 %
2026/09/23 05:06:27.013, 2730 MHz, 287.10 W, 71, 100 %
2026/09/23 05:06:27.113, 2730 MHz, 287.10 W, 71, 100 %
2026/09/23 05:06:27.214, 2730 MHz, 329.87 W, 69, 100 %
2026/09/23 05:06:27.314, 2730 MHz, 329.87 W, 69, 100 %
2026/09/23 05:06:27.414, 2730 MHz, 329.87 W, 69, 100 %
2026/09/23 05:06:27.514, 2730 MHz, 329.87 W, 69, 100 %
2026/09/23 05:06:27.614, 2730 MHz, 329.87 W, 69, 100 %
2026/09/23 05:06:27.714, 2730 MHz, 326.73 W, 67, 100 %
2026/09/23 05:06:27.814, 2730 MHz, 326.73 W, 67, 100 %
2026/09/23 05:06:27.914, 2730 MHz, 326.73 W, 67, 100 %
2026/09/23 05:06:28.014, 2730 MHz, 326.73 W, 67, 100 %
2026/09/23 05:06:28.114, 2730 MHz, 326.73 W, 67, 100 %
2026/09/23 05:06:28.214, 2730 MHz, 314.54 W, 72, 100 %
2026/09/23 05:06:28.315, 2730 MHz, 314.54 W, 72, 100 %
2026/09/23 05:06:28.415, 2730 MHz, 314.54 W, 72, 100 %
2026/09/23 05:06:28.515, 2730 MHz, 314.54 W, 72, 100 %
2026/09/23 05:06:28.615, 2730 MHz, 314.54 W, 72, 100 %
2026/09/23 05:06:28.715, 2730 MHz, 323.67 W, 70, 100 %
2026/09/23 05:06:28.815, 2730 MHz, 323.67 W, 70, 100 %
2026/09/23 05:06:28.915, 2730 MHz, 323.67 W, 70, 100 %
2026/09/23 05:06:29.015, 2730 MHz, 323.67 W, 70, 100 %
2026/09/23 05:06:29.115, 2730 MHz, 323.67 W, 70, 100 %
2026/09/23 05:06:29.216, 2730 MHz, 305.19 W, 67, 100 %
2026/09/23 05:06:29.316, 2730 MHz, 305.19 W, 67, 100 %
2026/09/23 05:06:29.416, 2730 MHz, 305.19 W, 67, 100 %
2026/09/23 05:06:29.516, 2730 MHz, 305.19 W, 67, 100 %
2026/09/23 05:06:29.616, 2730 MHz, 305.19 W, 67, 100 %
2026/09/23 05:06:29.716, 2730 MHz, 305.19 W, 67, 100 %
2026/09/23 05:06:29.816, 2730 MHz, 233.57 W, 65, 100 %
2026/09/23 05:06:29.916, 2730 MHz, 233.57 W, 65, 100 %
2026/09/23 05:06:30.016, 2730 MHz, 233.57 W, 65, 100 %
2026/09/23 05:06:30.116, 2730 MHz, 233.57 W, 65, 100 %
2026/09/23 05:06:30.217, 2730 MHz, 200.41 W, 65, 100 %
2026/09/23 05:06:30.317, 2730 MHz, 200.41 W, 65, 100 %
2026/09/23 05:06:30.417, 2730 MHz, 200.41 W, 65, 100 %
2026/09/23 05:06:30.517, 2730 MHz, 200.41 W, 65, 100 %
2026/09/23 05:06:30.617, 2730 MHz, 200.41 W, 65, 100 %
2026/09/23 05:06:30.717, 2730 MHz, 200.41 W, 65, 100 %
2026/09/23 05:06:30.817, 2730 MHz, 215.33 W, 64, 100 %
2026/09/23 05:06:30.917, 2730 MHz, 215.33 W, 64, 100 %
2026/09/23 05:06:31.017, 2730 MHz, 215.33 W, 64, 100 %
2026/09/23 05:06:31.117, 2730 MHz, 215.33 W, 64, 100 %
2026/09/23 05:06:31.218, 2730 MHz, 215.33 W, 64, 100 %
2026/09/23 05:06:31.318, 2730 MHz, 243.38 W, 68, 100 %
2026/09/23 05:06:31.418, 2730 MHz, 243.38 W, 68, 100 %
2026/09/23 05:06:31.518, 2730 MHz, 243.38 W, 68, 100 %
2026/09/23 05:06:31.618, 2730 MHz, 243.38 W, 68, 100 %
2026/09/23 05:06:31.718, 2730 MHz, 243.38 W, 68, 100 %
2026/09/23 05:06:31.818, 2730 MHz, 288.73 W, 67, 100 %
2026/09/23 05:06:31.918, 2730 MHz, 288.73 W, 67, 100 %
2026/09/23 05:06:32.018, 2730 MHz, 288.73 W, 67, 100 %
2026/09/23 05:06:32.118, 2730 MHz, 288.73 W, 67, 100 %
2026/09/23 05:06:32.219, 2715 MHz, 330.21 W, 69, 100 %
2026/09/23 05:06:32.319, 2715 MHz, 330.21 W, 69, 100 %
2026/09/23 05:06:32.419, 2715 MHz, 330.21 W, 69, 100 %
2026/09/23 05:06:32.519, 2715 MHz, 330.21 W, 69, 100 %
2026/09/23 05:06:32.619, 2715 MHz, 330.21 W, 69, 100 %
2026/09/23 05:06:32.719, 2730 MHz, 330.21 W, 69, 100 %
2026/09/23 05:06:32.819, 2730 MHz, 337.12 W, 70, 100 %
2026/09/23 05:06:32.919, 2730 MHz, 337.12 W, 70, 100 %
2026/09/23 05:06:33.019, 2730 MHz, 337.12 W, 70, 100 %
2026/09/23 05:06:33.119, 2730 MHz, 337.12 W, 70, 100 %
2026/09/23 05:06:33.220, 2730 MHz, 337.56 W, 70, 100 %
2026/09/23 05:06:33.320, 2730 MHz, 337.56 W, 67, 100 %
2026/09/23 05:06:33.420, 2730 MHz, 337.56 W, 67, 100 %
2026/09/23 05:06:33.520, 2730 MHz, 337.56 W, 67, 100 %
2026/09/23 05:06:33.620, 2730 MHz, 337.56 W, 67, 100 %
2026/09/23 05:06:33.720, 2715 MHz, 322.26 W, 69, 100 %
2026/09/23 05:06:33.820, 2715 MHz, 322.26 W, 69, 100 %
2026/09/23 05:06:33.920, 2715 MHz, 322.26 W, 69, 100 %
2026/09/23 05:06:34.020, 2715 MHz, 322.26 W, 69, 100 %
2026/09/23 05:06:34.121, 2715 MHz, 322.26 W, 69, 100 %
2026/09/23 05:06:34.221, 2730 MHz, 348.63 W, 73, 100 %
2026/09/23 05:06:34.321, 2730 MHz, 348.63 W, 73, 100 %
2026/09/23 05:06:34.421, 2730 MHz, 348.63 W, 73, 100 %
2026/09/23 05:06:34.521, 2730 MHz, 348.63 W, 73, 100 %
2026/09/23 05:06:34.621, 2730 MHz, 348.63 W, 73, 100 %
2026/09/23 05:06:34.721, 2730 MHz, 358.83 W, 72, 100 %
2026/09/23 05:06:34.821, 2730 MHz, 358.83 W, 72, 100 %
2026/09/23 05:06:34.921, 2730 MHz, 358.83 W, 72, 100 %
2026/09/23 05:06:35.021, 2730 MHz, 358.83 W, 72, 100 %
2026/09/23 05:06:35.121, 2730 MHz, 358.83 W, 72, 100 %
2026/09/23 05:06:35.222, 2730 MHz, 340.09 W, 71, 100 %
2026/09/23 05:06:35.322, 2730 MHz, 340.09 W, 71, 100 %
2026/09/23 05:06:35.422, 2730 MHz, 340.09 W, 71, 100 %
2026/09/23 05:06:35.522, 2730 MHz, 340.09 W, 71, 100 %
2026/09/23 05:06:35.622, 2730 MHz, 340.09 W, 71, 100 %
2026/09/23 05:06:35.722, 2715 MHz, 325.96 W, 68, 100 %
2026/09/23 05:06:35.822, 2715 MHz, 325.96 W, 68, 100 %
2026/09/23 05:06:35.922, 2715 MHz, 325.96 W, 68, 100 %
2026/09/23 05:06:36.023, 2715 MHz, 325.96 W, 68, 100 %
2026/09/23 05:06:36.123, 2715 MHz, 325.96 W, 68, 100 %
2026/09/23 05:06:36.223, 2730 MHz, 325.96 W, 68, 100 %
2026/09/23 05:06:36.323, 2730 MHz, 325.67 W, 68, 100 %
2026/09/23 05:06:36.423, 2730 MHz, 325.67 W, 68, 100 %
2026/09/23 05:06:36.523, 2730 MHz, 325.67 W, 68, 100 %
2026/09/23 05:06:36.623, 2730 MHz, 325.67 W, 68, 100 %
2026/09/23 05:06:36.723, 2715 MHz, 325.09 W, 68, 100 %
2026/09/23 05:06:36.823, 2715 MHz, 325.09 W, 71, 100 %
2026/09/23 05:06:36.924, 2715 MHz, 325.09 W, 71, 100 %
2026/09/23 05:06:37.024, 2715 MHz, 325.09 W, 71, 100 %
2026/09/23 05:06:37.124, 2715 MHz, 325.09 W, 71, 100 %
2026/09/23 05:06:37.224, 2730 MHz, 325.77 W, 65, 100 %
2026/09/23 05:06:37.417, 2730 MHz, 325.77 W, 67, 100 %
2026/09/23 05:06:37.517, 2730 MHz, 325.77 W, 67, 100 %
2026/09/23 05:06:37.617, 2730 MHz, 325.77 W, 67, 100 %
2026/09/23 05:06:37.718, 2730 MHz, 272.01 W, 67, 100 %
2026/09/23 05:06:37.818, 2730 MHz, 272.01 W, 68, 100 %
2026/09/23 05:06:37.918, 2730 MHz, 272.01 W, 68, 100 %
2026/09/23 05:06:38.018, 2730 MHz, 272.01 W, 68, 100 %
2026/09/23 05:06:38.118, 2730 MHz, 272.01 W, 68, 100 %
2026/09/23 05:06:38.218, 2730 MHz, 204.77 W, 65, 100 %
2026/09/23 05:06:38.318, 2730 MHz, 204.77 W, 65, 100 %
2026/09/23 05:06:38.418, 2730 MHz, 204.77 W, 65, 100 %
2026/09/23 05:06:38.519, 2730 MHz, 204.77 W, 65, 100 %
2026/09/23 05:06:38.619, 2730 MHz, 204.77 W, 65, 100 %
2026/09/23 05:06:38.719, 2730 MHz, 214.94 W, 65, 100 %
2026/09/23 05:06:38.819, 2730 MHz, 214.94 W, 65, 100 %
2026/09/23 05:06:38.919, 2730 MHz, 214.94 W, 65, 100 %
2026/09/23 05:06:39.019, 2730 MHz, 214.94 W, 65, 100 %
2026/09/23 05:06:39.119, 2730 MHz, 214.94 W, 65, 100 %
2026/09/23 05:06:39.219, 2730 MHz, 214.94 W, 65, 100 %
2026/09/23 05:06:39.319, 2730 MHz, 239.18 W, 65, 100 %
2026/09/23 05:06:39.420, 2730 MHz, 239.18 W, 65, 100 %
2026/09/23 05:06:39.520, 2730 MHz, 239.18 W, 65, 100 %
2026/09/23 05:06:39.620, 2730 MHz, 239.18 W, 65, 100 %
2026/09/23 05:06:39.720, 2730 MHz, 240.06 W, 67, 100 %
2026/09/23 05:06:39.820, 2730 MHz, 240.06 W, 67, 100 %
2026/09/23 05:06:39.920, 2730 MHz, 240.06 W, 67, 100 %
2026/09/23 05:06:40.020, 2730 MHz, 240.06 W, 67, 100 %
2026/09/23 05:06:40.120, 2730 MHz, 240.06 W, 67, 100 %
2026/09/23 05:06:40.220, 2730 MHz, 290.26 W, 68, 100 %
2026/09/23 05:06:40.321, 2730 MHz, 290.26 W, 68, 100 %
2026/09/23 05:06:40.421, 2730 MHz, 290.26 W, 68, 100 %
2026/09/23 05:06:40.521, 2730 MHz, 290.26 W, 68, 100 %
2026/09/23 05:06:40.621, 2730 MHz, 290.26 W, 68, 100 %
2026/09/23 05:06:40.721, 2730 MHz, 290.26 W, 68, 100 %
2026/09/23 05:06:40.821, 2730 MHz, 329.95 W, 67, 100 %
2026/09/23 05:06:40.921, 2730 MHz, 329.95 W, 67, 100 %
2026/09/23 05:06:41.021, 2730 MHz, 329.95 W, 67, 100 %
2026/09/23 05:06:41.121, 2730 MHz, 329.95 W, 67, 100 %
2026/09/23 05:06:41.222, 2730 MHz, 329.95 W, 67, 100 %
2026/09/23 05:06:41.322, 2730 MHz, 324.80 W, 67, 100 %
2026/09/23 05:06:41.422, 2730 MHz, 324.80 W, 67, 100 %
2026/09/23 05:06:41.522, 2730 MHz, 324.80 W, 67, 100 %
2026/09/23 05:06:41.622, 2730 MHz, 324.80 W, 67, 100 %
2026/09/23 05:06:41.722, 2730 MHz, 324.80 W, 67, 100 %
2026/09/23 05:06:41.822, 2730 MHz, 319.66 W, 68, 100 %
2026/09/23 05:06:41.922, 2730 MHz, 319.66 W, 68, 100 %
2026/09/23 05:06:42.022, 2730 MHz, 319.66 W, 68, 100 %
2026/09/23 05:06:42.122, 2730 MHz, 319.66 W, 68, 100 %
2026/09/23 05:06:42.223, 2730 MHz, 319.66 W, 68, 100 %
2026/09/23 05:06:42.323, 2730 MHz, 321.93 W, 68, 100 %
2026/09/23 05:06:42.423, 2730 MHz, 321.93 W, 68, 100 %
2026/09/23 05:06:42.523, 2730 MHz, 321.93 W, 68, 100 %
2026/09/23 05:06:42.623, 2730 MHz, 321.93 W, 68, 100 %
2026/09/23 05:06:42.723, 2730 MHz, 321.93 W, 68, 100 %
2026/09/23 05:06:42.823, 2730 MHz, 278.09 W, 68, 100 %
2026/09/23 05:06:42.923, 2730 MHz, 278.09 W, 68, 100 %
2026/09/23 05:06:43.023, 2730 MHz, 278.09 W, 68, 100 %
2026/09/23 05:06:43.123, 2730 MHz, 278.09 W, 68, 100 %
2026/09/23 05:06:43.224, 2730 MHz, 278.09 W, 68, 100 %
2026/09/23 05:06:43.324, 2730 MHz, 221.96 W, 64, 100 %
2026/09/23 05:06:43.424, 2730 MHz, 221.96 W, 64, 100 %
2026/09/23 05:06:43.524, 2730 MHz, 221.96 W, 64, 100 %
2026/09/23 05:06:43.624, 2730 MHz, 221.96 W, 64, 100 %
2026/09/23 05:06:43.724, 2730 MHz, 221.96 W, 64, 100 %
2026/09/23 05:06:43.824, 2730 MHz, 220.99 W, 65, 100 %
2026/09/23 05:06:43.924, 2730 MHz, 220.99 W, 65, 100 %
2026/09/23 05:06:44.024, 2730 MHz, 220.99 W, 65, 100 %
2026/09/23 05:06:44.124, 2730 MHz, 220.99 W, 65, 100 %
2026/09/23 05:06:44.225, 2730 MHz, 220.99 W, 65, 100 %
2026/09/23 05:06:44.325, 2730 MHz, 232.87 W, 65, 100 %
2026/09/23 05:06:44.425, 2730 MHz, 232.87 W, 65, 100 %
2026/09/23 05:06:44.525, 2730 MHz, 232.87 W, 65, 100 %
2026/09/23 05:06:44.625, 2730 MHz, 232.87 W, 65, 100 %
2026/09/23 05:06:44.725, 2730 MHz, 232.87 W, 65, 100 %
2026/09/23 05:06:44.825, 2730 MHz, 254.13 W, 65, 100 %
2026/09/23 05:06:44.925, 2730 MHz, 254.13 W, 67, 100 %
2026/09/23 05:06:45.025, 2730 MHz, 254.13 W, 67, 100 %
2026/09/23 05:06:45.125, 2730 MHz, 254.13 W, 67, 100 %
2026/09/23 05:06:45.226, 2730 MHz, 254.13 W, 67, 100 %
2026/09/23 05:06:45.326, 2730 MHz, 288.61 W, 72, 100 %
2026/09/23 05:06:45.426, 2730 MHz, 288.61 W, 72, 100 %
2026/09/23 05:06:45.526, 2730 MHz, 288.61 W, 72, 100 %
2026/09/23 05:06:45.626, 2730 MHz, 288.61 W, 72, 100 %
2026/09/23 05:06:45.726, 2730 MHz, 288.61 W, 72, 100 %
2026/09/23 05:06:45.826, 2730 MHz, 318.53 W, 71, 100 %
2026/09/23 05:06:45.926, 2730 MHz, 318.53 W, 71, 100 %
2026/09/23 05:06:46.026, 2730 MHz, 318.53 W, 71, 100 %
2026/09/23 05:06:46.126, 2730 MHz, 318.53 W, 71, 100 %
2026/09/23 05:06:46.227, 2730 MHz, 318.53 W, 71, 100 %
2026/09/23 05:06:46.327, 2730 MHz, 398.47 W, 71, 100 %
2026/09/23 05:06:46.427, 2730 MHz, 331.42 W, 71, 100 %
2026/09/23 05:06:46.527, 2730 MHz, 331.42 W, 71, 100 %
2026/09/23 05:06:46.627, 2730 MHz, 331.42 W, 71, 100 %
2026/09/23 05:06:46.727, 2730 MHz, 331.42 W, 71, 100 %
2026/09/23 05:06:46.827, 2730 MHz, 332.95 W, 66, 100 %
2026/09/23 05:06:46.927, 2730 MHz, 332.95 W, 66, 100 %
2026/09/23 05:06:47.027, 2730 MHz, 332.95 W, 66, 100 %
2026/09/23 05:06:47.127, 2730 MHz, 332.95 W, 66, 100 %
2026/09/23 05:06:47.228, 2730 MHz, 332.95 W, 66, 100 %
2026/09/23 05:06:47.328, 2715 MHz, 327.25 W, 71, 100 %
2026/09/23 05:06:47.428, 2715 MHz, 327.25 W, 71, 100 %
2026/09/23 05:06:47.528, 2715 MHz, 327.25 W, 71, 100 %
2026/09/23 05:06:47.628, 2715 MHz, 327.25 W, 71, 100 %
2026/09/23 05:06:47.728, 2715 MHz, 327.25 W, 71, 100 %
2026/09/23 05:06:47.828, 2730 MHz, 285.44 W, 66, 100 %
2026/09/23 05:06:47.928, 2730 MHz, 285.44 W, 66, 100 %
2026/09/23 05:06:48.028, 2730 MHz, 285.44 W, 66, 100 %
2026/09/23 05:06:48.129, 2730 MHz, 285.44 W, 66, 100 %
2026/09/23 05:06:48.229, 2730 MHz, 285.44 W, 66, 100 %
2026/09/23 05:06:48.329, 2730 MHz, 228.47 W, 66, 100 %
2026/09/23 05:06:48.429, 2730 MHz, 228.47 W, 70, 100 %
2026/09/23 05:06:48.529, 2730 MHz, 228.47 W, 70, 100 %
2026/09/23 05:06:48.629, 2730 MHz, 228.47 W, 70, 100 %
2026/09/23 05:06:48.729, 2730 MHz, 228.47 W, 70, 100 %
2026/09/23 05:06:48.829, 2730 MHz, 228.47 W, 70, 100 %
2026/09/23 05:06:48.929, 2730 MHz, 230.38 W, 65, 100 %
2026/09/23 05:06:49.029, 2730 MHz, 230.38 W, 65, 100 %
2026/09/23 05:06:49.130, 2730 MHz, 230.38 W, 65, 100 %
2026/09/23 05:06:49.230, 2730 MHz, 230.38 W, 65, 100 %
2026/09/23 05:06:49.330, 2730 MHz, 230.38 W, 65, 100 %
2026/09/23 05:06:49.430, 2730 MHz, 217.60 W, 69, 100 %
2026/09/23 05:06:49.530, 2730 MHz, 217.60 W, 69, 100 %
2026/09/23 05:06:49.630, 2730 MHz, 217.60 W, 69, 100 %
2026/09/23 05:06:49.730, 2730 MHz, 217.60 W, 69, 100 %
2026/09/23 05:06:49.830, 2730 MHz, 217.60 W, 69, 100 %
2026/09/23 05:06:49.930, 2730 MHz, 271.93 W, 70, 100 %
2026/09/23 05:06:50.030, 2730 MHz, 271.93 W, 70, 100 %
2026/09/23 05:06:50.131, 2730 MHz, 271.93 W, 70, 100 %
2026/09/23 05:06:50.231, 2730 MHz, 271.93 W, 70, 100 %
2026/09/23 05:06:50.331, 2730 MHz, 326.13 W, 70, 100 %
2026/09/23 05:06:50.431, 2730 MHz, 326.13 W, 70, 100 %
2026/09/23 05:06:50.531, 2730 MHz, 326.13 W, 70, 100 %
2026/09/23 05:06:50.631, 2730 MHz, 326.13 W, 70, 100 %
2026/09/23 05:06:50.731, 2730 MHz, 326.13 W, 70, 100 %
2026/09/23 05:06:50.831, 2730 MHz, 326.13 W, 70, 100 %
2026/09/23 05:06:50.931, 2730 MHz, 332.77 W, 70, 100 %
2026/09/23 05:06:51.031, 2730 MHz, 332.77 W, 71, 100 %
2026/09/23 05:06:51.132, 2730 MHz, 332.77 W, 71, 100 %
2026/09/23 05:06:51.232, 2730 MHz, 332.77 W, 71, 100 %
2026/09/23 05:06:51.332, 2730 MHz, 332.77 W, 71, 100 %
2026/09/23 05:06:51.432, 2730 MHz, 349.02 W, 68, 100 %
2026/09/23 05:06:51.532, 2730 MHz, 349.02 W, 68, 100 %
2026/09/23 05:06:51.632, 2730 MHz, 349.02 W, 68, 100 %
2026/09/23 05:06:51.732, 2730 MHz, 349.02 W, 68, 100 %
2026/09/23 05:06:51.832, 2730 MHz, 349.02 W, 68, 100 %
2026/09/23 05:06:51.932, 2730 MHz, 345.06 W, 72, 100 %
2026/09/23 05:06:52.032, 2730 MHz, 345.06 W, 72, 100 %
2026/09/23 05:06:52.133, 2730 MHz, 345.06 W, 72, 100 %
2026/09/23 05:06:52.233, 2730 MHz, 345.06 W, 72, 100 %
2026/09/23 05:06:52.333, 2730 MHz, 345.06 W, 72, 100 %
2026/09/23 05:06:52.433, 2730 MHz, 323.45 W, 65, 100 %
2026/09/23 05:06:52.533, 2730 MHz, 323.45 W, 65, 100 %
2026/09/23 05:06:52.633, 2730 MHz, 323.45 W, 65, 100 %
2026/09/23 05:06:52.733, 2730 MHz, 323.45 W, 65, 100 %
2026/09/23 05:06:52.833, 2730 MHz, 323.45 W, 65, 100 %
2026/09/23 05:06:52.933, 2730 MHz, 239.96 W, 67, 100 %
2026/09/23 05:06:53.033, 2730 MHz, 239.96 W, 67, 100 %
2026/09/23 05:06:53.134, 2730 MHz, 239.96 W, 67, 100 %
2026/09/23 05:06:53.234, 2730 MHz, 239.96 W, 67, 100 %
2026/09/23 05:06:53.334, 2730 MHz, 239.96 W, 67, 100 %
2026/09/23 05:06:53.434, 2730 MHz, 208.83 W, 65, 100 %
2026/09/23 05:06:53.534, 2730 MHz, 208.83 W, 65, 100 %
2026/09/23 05:06:53.634, 2730 MHz, 208.83 W, 65, 100 %
2026/09/23 05:06:53.734, 2730 MHz, 208.83 W, 65, 100 %
2026/09/23 05:06:53.834, 2730 MHz, 208.83 W, 65, 100 %
2026/09/23 05:06:53.934, 2730 MHz, 231.84 W, 66, 100 %
2026/09/23 05:06:54.034, 2730 MHz, 231.84 W, 66, 100 %
2026/09/23 05:06:54.135, 2730 MHz, 231.84 W, 66, 100 %
2026/09/23 05:06:54.235, 2730 MHz, 231.84 W, 66, 100 %
2026/09/23 05:06:54.335, 2730 MHz, 231.84 W, 66, 100 %
2026/09/23 05:06:54.435, 2730 MHz, 253.43 W, 67, 100 %
2026/09/23 05:06:54.535, 2730 MHz, 253.43 W, 67, 100 %
2026/09/23 05:06:54.635, 2730 MHz, 253.43 W, 67, 100 %
2026/09/23 05:06:54.735, 2730 MHz, 253.43 W, 67, 100 %
2026/09/23 05:06:54.835, 2730 MHz, 253.43 W, 67, 100 %
2026/09/23 05:06:54.935, 2730 MHz, 310.11 W, 68, 100 %
2026/09/23 05:06:55.035, 2730 MHz, 310.11 W, 68, 100 %
2026/09/23 05:06:55.136, 2730 MHz, 310.11 W, 68, 100 %
2026/09/23 05:06:55.236, 2730 MHz, 310.11 W, 68, 100 %
2026/09/23 05:06:55.336, 2730 MHz, 310.11 W, 68, 100 %
2026/09/23 05:06:55.436, 2730 MHz, 322.28 W, 68, 100 %
2026/09/23 05:06:55.536, 2730 MHz, 322.28 W, 68, 100 %
2026/09/23 05:06:55.636, 2730 MHz, 322.28 W, 68, 100 %
2026/09/23 05:06:55.736, 2730 MHz, 322.28 W, 68, 100 %
2026/09/23 05:06:55.836, 2730 MHz, 322.28 W, 68, 100 %
2026/09/23 05:06:55.936, 2730 MHz, 331.93 W, 69, 100 %
2026/09/23 05:06:56.037, 2730 MHz, 331.93 W, 69, 100 %
2026/09/23 05:06:56.137, 2730 MHz, 331.93 W, 69, 100 %
2026/09/23 05:06:56.237, 2730 MHz, 331.93 W, 69, 100 %
2026/09/23 05:06:56.337, 2730 MHz, 331.93 W, 69, 100 %
2026/09/23 05:06:56.437, 2730 MHz, 331.93 W, 69, 100 %
2026/09/23 05:06:56.537, 2730 MHz, 322.81 W, 68, 100 %
2026/09/23 05:06:56.637, 2730 MHz, 322.81 W, 68, 100 %
2026/09/23 05:06:56.737, 2730 MHz, 322.81 W, 68, 100 %
2026/09/23 05:06:56.837, 2730 MHz, 322.81 W, 68, 100 %
2026/09/23 05:06:56.937, 2730 MHz, 321.20 W, 72, 100 %
2026/09/23 05:06:57.038, 2730 MHz, 321.20 W, 72, 100 %
2026/09/23 05:06:57.138, 2730 MHz, 321.20 W, 72, 100 %
2026/09/23 05:06:57.238, 2730 MHz, 321.20 W, 72, 100 %
2026/09/23 05:06:57.338, 2730 MHz, 321.20 W, 72, 100 %
2026/09/23 05:06:57.438, 2730 MHz, 356.87 W, 73, 100 %
2026/09/23 05:06:57.538, 2730 MHz, 356.87 W, 73, 100 %
2026/09/23 05:06:57.638, 2730 MHz, 356.87 W, 73, 100 %
2026/09/23 05:06:57.738, 2730 MHz, 356.87 W, 73, 100 %
2026/09/23 05:06:57.838, 2730 MHz, 356.87 W, 73, 100 %
2026/09/23 05:06:57.938, 2715 MHz, 366.76 W, 71, 100 %
2026/09/23 05:06:58.039, 2715 MHz, 366.76 W, 71, 100 %
2026/09/23 05:06:58.139, 2715 MHz, 366.76 W, 71, 100 %
2026/09/23 05:06:58.239, 2715 MHz, 366.76 W, 71, 100 %
2026/09/23 05:06:58.339, 2715 MHz, 366.76 W, 71, 100 %
2026/09/23 05:06:58.439, 2730 MHz, 366.76 W, 71, 100 %
2026/09/23 05:06:58.539, 2730 MHz, 341.84 W, 68, 100 %
2026/09/23 05:06:58.639, 2730 MHz, 341.84 W, 68, 100 %
2026/09/23 05:06:58.739, 2730 MHz, 341.84 W, 68, 100 %
2026/09/23 05:06:58.839, 2730 MHz, 341.84 W, 68, 100 %
2026/09/23 05:06:58.939, 2715 MHz, 341.84 W, 68, 100 %
2026/09/23 05:06:59.040, 2715 MHz, 326.44 W, 69, 100 %
2026/09/23 05:06:59.140, 2715 MHz, 326.44 W, 69, 100 %
2026/09/23 05:06:59.240, 2715 MHz, 326.44 W, 69, 100 %
2026/09/23 05:06:59.340, 2715 MHz, 326.44 W, 69, 100 %
2026/09/23 05:06:59.440, 2730 MHz, 323.02 W, 72, 75 %
2026/09/23 05:06:59.540, 2730 MHz, 323.02 W, 72, 75 %
2026/09/23 05:06:59.640, 2730 MHz, 323.02 W, 72, 75 %
2026/09/23 05:06:59.740, 2730 MHz, 323.02 W, 72, 75 %
2026/09/23 05:06:59.840, 2730 MHz, 323.02 W, 72, 75 %
2026/09/23 05:06:59.940, 2730 MHz, 326.45 W, 68, 100 %
2026/09/23 05:07:00.041, 2730 MHz, 326.45 W, 68, 100 %
2026/09/23 05:07:00.141, 2730 MHz, 326.45 W, 68, 100 %
2026/09/23 05:07:00.241, 2730 MHz, 326.45 W, 68, 100 %
2026/09/23 05:07:00.341, 2730 MHz, 326.45 W, 68, 100 %
2026/09/23 05:07:00.441, 2715 MHz, 337.42 W, 68, 100 %
2026/09/23 05:07:00.541, 2715 MHz, 337.42 W, 68, 100 %
2026/09/23 05:07:00.641, 2715 MHz, 337.42 W, 68, 100 %
2026/09/23 05:07:00.741, 2715 MHz, 337.42 W, 68, 100 %
2026/09/23 05:07:00.841, 2715 MHz, 337.42 W, 68, 100 %
2026/09/23 05:07:00.941, 2730 MHz, 335.09 W, 73, 100 %
2026/09/23 05:07:01.042, 2730 MHz, 335.09 W, 73, 100 %
2026/09/23 05:07:01.142, 2730 MHz, 335.09 W, 73, 100 %
2026/09/23 05:07:01.242, 2730 MHz, 335.09 W, 73, 100 %
2026/09/23 05:07:01.342, 2730 MHz, 335.09 W, 73, 100 %
2026/09/23 05:07:01.442, 2715 MHz, 335.09 W, 73, 100 %
2026/09/23 05:07:01.542, 2715 MHz, 342.23 W, 71, 100 %
2026/09/23 05:07:01.642, 2715 MHz, 342.23 W, 71, 100 %
2026/09/23 05:07:01.742, 2715 MHz, 342.23 W, 71, 100 %
2026/09/23 05:07:01.842, 2715 MHz, 342.23 W, 71, 100 %
2026/09/23 05:07:01.942, 2730 MHz, 342.23 W, 71, 100 %
2026/09/23 05:07:02.043, 2730 MHz, 343.13 W, 68, 100 %
2026/09/23 05:07:02.143, 2730 MHz, 343.13 W, 68, 100 %
2026/09/23 05:07:02.243, 2730 MHz, 343.13 W, 68, 100 %
2026/09/23 05:07:02.343, 2730 MHz, 343.13 W, 68, 100 %
2026/09/23 05:07:02.443, 2715 MHz, 321.74 W, 68, 100 %
2026/09/23 05:07:02.543, 2715 MHz, 321.74 W, 72, 100 %
2026/09/23 05:07:02.643, 2715 MHz, 321.74 W, 72, 100 %
2026/09/23 05:07:02.743, 2715 MHz, 321.74 W, 72, 100 %
2026/09/23 05:07:02.843, 2715 MHz, 321.74 W, 72, 100 %
2026/09/23 05:07:02.943, 2730 MHz, 327.66 W, 70, 100 %
2026/09/23 05:07:03.044, 2730 MHz, 327.66 W, 70, 100 %
2026/09/23 05:07:03.144, 2730 MHz, 327.66 W, 70, 100 %
2026/09/23 05:07:03.244, 2730 MHz, 327.66 W, 70, 100 %
2026/09/23 05:07:03.344, 2730 MHz, 327.66 W, 70, 100 %
2026/09/23 05:07:03.444, 2730 MHz, 327.66 W, 70, 100 %
2026/09/23 05:07:03.544, 2730 MHz, 331.00 W, 69, 100 %
2026/09/23 05:07:03.644, 2730 MHz, 331.00 W, 69, 100 %
2026/09/23 05:07:03.744, 2730 MHz, 331.00 W, 69, 100 %
2026/09/23 05:07:03.844, 2730 MHz, 331.00 W, 69, 100 %
2026/09/23 05:07:03.944, 2730 MHz, 331.00 W, 69, 100 %
2026/09/23 05:07:04.045, 2715 MHz, 326.81 W, 69, 100 %
2026/09/23 05:07:04.145, 2715 MHz, 326.81 W, 69, 100 %
2026/09/23 05:07:04.245, 2715 MHz, 326.81 W, 69, 100 %
2026/09/23 05:07:04.345, 2715 MHz, 326.81 W, 69, 100 %
2026/09/23 05:07:04.445, 2715 MHz, 326.81 W, 69, 100 %
2026/09/23 05:07:04.545, 2730 MHz, 349.71 W, 73, 100 %
2026/09/23 05:07:04.645, 2730 MHz, 349.71 W, 73, 100 %
2026/09/23 05:07:04.745, 2730 MHz, 349.71 W, 73, 100 %
2026/09/23 05:07:04.845, 2730 MHz, 349.71 W, 73, 100 %
2026/09/23 05:07:04.945, 2730 MHz, 349.71 W, 73, 100 %
2026/09/23 05:07:05.046, 2715 MHz, 361.69 W, 72, 100 %
2026/09/23 05:07:05.146, 2715 MHz, 361.69 W, 72, 100 %
2026/09/23 05:07:05.246, 2715 MHz, 361.69 W, 72, 100 %
2026/09/23 05:07:05.346, 2715 MHz, 361.69 W, 72, 100 %
2026/09/23 05:07:05.446, 2715 MHz, 361.69 W, 72, 100 %
2026/09/23 05:07:05.546, 2730 MHz, 346.17 W, 70, 100 %
2026/09/23 05:07:05.646, 2730 MHz, 346.17 W, 70, 100 %
2026/09/23 05:07:05.746, 2730 MHz, 346.17 W, 70, 100 %
2026/09/23 05:07:05.846, 2730 MHz, 346.17 W, 70, 100 %
2026/09/23 05:07:05.946, 2730 MHz, 346.17 W, 70, 100 %
2026/09/23 05:07:06.047, 2715 MHz, 320.95 W, 70, 100 %
2026/09/23 05:07:06.147, 2715 MHz, 320.95 W, 70, 100 %
2026/09/23 05:07:06.247, 2715 MHz, 320.95 W, 70, 100 %
2026/09/23 05:07:06.347, 2715 MHz, 320.95 W, 70, 100 %
2026/09/23 05:07:06.447, 2715 MHz, 320.95 W, 70, 100 %
2026/09/23 05:07:06.547, 2730 MHz, 321.42 W, 70, 100 %
2026/09/23 05:07:06.647, 2730 MHz, 321.42 W, 70, 100 %
2026/09/23 05:07:06.747, 2730 MHz, 321.42 W, 70, 100 %
2026/09/23 05:07:06.848, 2730 MHz, 321.42 W, 70, 100 %
2026/09/23 05:07:06.948, 2730 MHz, 321.42 W, 70, 100 %
2026/09/23 05:07:07.048, 2715 MHz, 317.07 W, 71, 100 %
2026/09/23 05:07:07.148, 2715 MHz, 317.07 W, 71, 100 %
2026/09/23 05:07:07.248, 2715 MHz, 317.07 W, 71, 100 %
2026/09/23 05:07:07.348, 2715 MHz, 317.07 W, 71, 100 %
2026/09/23 05:07:07.448, 2715 MHz, 317.07 W, 71, 100 %
2026/09/23 05:07:07.548, 2730 MHz, 318.41 W, 68, 100 %
2026/09/23 05:07:07.648, 2730 MHz, 318.41 W, 68, 100 %
2026/09/23 05:07:07.749, 2730 MHz, 318.41 W, 68, 100 %
2026/09/23 05:07:07.849, 2730 MHz, 318.41 W, 68, 100 %
2026/09/23 05:07:07.949, 2730 MHz, 318.41 W, 68, 100 %
2026/09/23 05:07:08.049, 2715 MHz, 303.55 W, 66, 100 %
2026/09/23 05:07:08.149, 2715 MHz, 303.55 W, 66, 100 %
2026/09/23 05:07:08.249, 2715 MHz, 303.55 W, 66, 100 %
2026/09/23 05:07:08.349, 2715 MHz, 303.55 W, 66, 100 %
2026/09/23 05:07:08.449, 2715 MHz, 303.55 W, 66, 100 %
2026/09/23 05:07:08.549, 2730 MHz, 234.85 W, 66, 100 %
2026/09/23 05:07:08.650, 2730 MHz, 234.85 W, 66, 100 %
2026/09/23 05:07:08.750, 2730 MHz, 234.85 W, 66, 100 %
2026/09/23 05:07:08.850, 2730 MHz, 234.85 W, 66, 100 %
2026/09/23 05:07:08.950, 2730 MHz, 234.85 W, 66, 100 %
2026/09/23 05:07:09.050, 2730 MHz, 205.00 W, 66, 100 %
2026/09/23 05:07:09.150, 2730 MHz, 205.00 W, 66, 100 %
2026/09/23 05:07:09.250, 2730 MHz, 205.00 W, 66, 100 %
2026/09/23 05:07:09.350, 2730 MHz, 205.00 W, 66, 100 %
2026/09/23 05:07:09.450, 2730 MHz, 205.00 W, 66, 100 %
2026/09/23 05:07:09.551, 2730 MHz, 203.56 W, 69, 100 %
2026/09/23 05:07:09.651, 2730 MHz, 203.56 W, 69, 100 %
2026/09/23 05:07:09.751, 2730 MHz, 203.56 W, 69, 100 %
2026/09/23 05:07:09.851, 2730 MHz, 203.56 W, 69, 100 %
2026/09/23 05:07:09.951, 2730 MHz, 203.56 W, 69, 100 %
2026/09/23 05:07:10.051, 2730 MHz, 233.33 W, 72, 100 %
2026/09/23 05:07:10.151, 2730 MHz, 233.33 W, 72, 100 %
2026/09/23 05:07:10.251, 2730 MHz, 233.33 W, 72, 100 %
2026/09/23 05:07:10.351, 2730 MHz, 233.33 W, 72, 100 %
2026/09/23 05:07:10.452, 2730 MHz, 233.33 W, 72, 100 %
2026/09/23 05:07:10.552, 2730 MHz, 284.74 W, 70, 100 %
2026/09/23 05:07:10.652, 2730 MHz, 284.74 W, 70, 100 %
2026/09/23 05:07:10.752, 2730 MHz, 284.74 W, 70, 100 %
2026/09/23 05:07:10.852, 2730 MHz, 284.74 W, 70, 100 %
2026/09/23 05:07:10.952, 2730 MHz, 284.74 W, 70, 100 %
2026/09/23 05:07:11.052, 2730 MHz, 315.09 W, 71, 100 %
2026/09/23 05:07:11.152, 2730 MHz, 315.09 W, 71, 100 %
2026/09/23 05:07:11.252, 2730 MHz, 315.09 W, 71, 100 %
2026/09/23 05:07:11.353, 2730 MHz, 315.09 W, 71, 100 %
2026/09/23 05:07:11.453, 2730 MHz, 315.09 W, 71, 100 %
2026/09/23 05:07:11.553, 2730 MHz, 316.33 W, 68, 100 %
2026/09/23 05:07:11.653, 2730 MHz, 316.33 W, 68, 100 %
2026/09/23 05:07:11.753, 2730 MHz, 316.33 W, 68, 100 %
2026/09/23 05:07:11.853, 2730 MHz, 316.33 W, 68, 100 %
2026/09/23 05:07:11.953, 2730 MHz, 316.33 W, 68, 100 %
2026/09/23 05:07:12.053, 2730 MHz, 329.92 W, 68, 100 %
2026/09/23 05:07:12.153, 2730 MHz, 329.92 W, 69, 100 %
2026/09/23 05:07:12.253, 2730 MHz, 329.92 W, 69, 100 %
2026/09/23 05:07:12.354, 2730 MHz, 329.92 W, 69, 100 %
2026/09/23 05:07:12.454, 2730 MHz, 329.92 W, 69, 100 %
2026/09/23 05:07:12.554, 2730 MHz, 329.92 W, 69, 100 %
2026/09/23 05:07:12.654, 2730 MHz, 335.92 W, 70, 100 %
2026/09/23 05:07:12.754, 2730 MHz, 335.92 W, 70, 100 %
2026/09/23 05:07:12.854, 2730 MHz, 335.92 W, 70, 100 %
2026/09/23 05:07:12.954, 2730 MHz, 335.92 W, 70, 100 %
2026/09/23 05:07:13.054, 2730 MHz, 335.92 W, 70, 100 %
2026/09/23 05:07:13.154, 2730 MHz, 290.90 W, 65, 7 %
2026/09/23 05:07:13.254, 2730 MHz, 290.90 W, 65, 7 %
2026/09/23 05:07:13.355, 2730 MHz, 290.90 W, 65, 7 %
