case,suite,label,kind,n_prompt,n_gen,target,weights_id,max_context,prefill_chunk,mtp_draft_tokens,proposal_head,decode_path,kv_cache,kv_payload_bytes,load_host_to_device_bytes,weights_capacity_bytes,sequence_capacity_bytes,workspace_capacity_bytes,request_transient_capacity_bytes,cuda_graph_allowance_bytes,workspace_peak_bytes,workspace_allocator_peak_bytes,spec_rounds,spec_fallback_steps,spec_acceptance_rate,repetitions,prefill_tok_s_mean,prefill_tok_s_stddev,decode_output_tok_s_mean,decode_output_tok_s_stddev,decode_engine_tok_s_mean,decode_engine_tok_s_stddev,prepare_seconds_mean,prefill_seconds_mean,decode_seconds_mean,total_seconds_mean
all__panel,all,pp512,pp,512,0,qwen3_8_27b,folded-ternary,2048,1024,0,full,cuda_graph,bf16,134217728,5930360832,5930366976,454642432,180953088,0,67108864,180953088,90476544,0,0,,5,44.52550284,0.7879082811,,,,,1.28674e-05,11.50191931,,11.50200642
all__panel,all,pp2048,pp,2048,0,qwen3_8_27b,folded-ternary,2048,1024,0,full,cuda_graph,bf16,134217728,5930360832,5930366976,454642432,180953088,0,67108864,180953088,180953088,0,0,,5,50.75222169,0.2903013047,,,,,1.68414e-05,40.3539695,,40.35405875
all__panel,all,tg128,tg,0,128,qwen3_8_27b,folded-ternary,2048,1024,0,full,cuda_graph,bf16,134217728,5930360832,5930366976,454642432,180953088,0,67108864,180953088,142336,0,0,,5,,,16.29304756,0.2304995301,16.29304756,0.2304995301,1.59492e-05,,7.857372814,8.232556562
all__panel,all,pp512+tg128,pp+tg,512,128,qwen3_8_27b,folded-ternary,2048,1024,0,full,cuda_graph,bf16,134217728,5930360832,5930366976,454642432,180953088,0,67108864,180953088,90476544,0,0,,5,44.23439864,0.6234430019,16.1592926,0.29424293,16.1592926,0.29424293,8.5408e-06,11.5765488,7.923258167,19.500615
all__prefill,all,pp512,pp,512,0,qwen3_8_27b,folded-ternary,8192,1024,0,full,cuda_graph,bf16,536870912,5930360832,5930366976,857295872,180953088,0,67108864,180953088,90476544,0,0,,5,42.93735858,0.7396502615,,,,,8.878e-06,11.9271452,,11.92720388
all__prefill,all,pp2048,pp,2048,0,qwen3_8_27b,folded-ternary,8192,1024,0,full,cuda_graph,bf16,536870912,5930360832,5930366976,857295872,180953088,0,67108864,180953088,180953088,0,0,,5,50.32722993,0.4746676293,,,,,1.62238e-05,40.69657998,,40.69666107
all__prefill,all,pp8192,pp,8192,0,qwen3_8_27b,folded-ternary,8192,1024,0,full,cuda_graph,bf16,536870912,5930360832,5930366976,857295872,180953088,0,67108864,180953088,180953088,0,0,,5,50.32779776,0.1850490081,,,,,6.77212e-05,162.7746311,,162.7748104
all__decode,all,tg128,tg,0,128,qwen3_8_27b,folded-ternary,513,1024,0,full,cuda_graph,bf16,37748736,5930360832,5930366976,352940800,90592256,0,67108864,90592256,142336,0,0,,5,,,16.40841747,0.1842657701,16.40841747,0.1842657701,2.2964e-06,,7.801658848,8.031500211
all__decode,all,tg512,tg,0,512,qwen3_8_27b,folded-ternary,513,1024,0,full,cuda_graph,bf16,37748736,5930360832,5930366976,352940800,90592256,0,67108864,90592256,142336,0,0,,5,,,16.29583448,0.1089968485,16.29583448,0.1089968485,1.9876e-06,,31.42019703,31.7337797
all__kv-bf16,all,pp512+tg128,pp+tg,512,128,qwen3_8_27b,folded-ternary,640,1024,0,full,cuda_graph,bf16,41943040,5930360832,5930366976,358435584,113095680,0,67108864,113095680,90476544,0,0,,5,43.5775106,0.5595224117,16.25597127,0.2118884271,16.25597127,0.2118884271,8.3144e-06,11.75073703,7.875087155,19.62659224
all__kv-int8,all,pp512+tg128,pp+tg,512,128,qwen3_8_27b,folded-ternary,640,1024,0,full,cuda_graph,int8-group64,21626880,5930360832,5930366976,338119424,113095680,0,67108864,113095680,90476544,0,0,,5,44.06245764,0.1570717801,16.39897004,0.1792152112,16.39897004,0.1792152112,1.03524e-05,11.61998692,7.806106428,19.42675129
all__kv-rk8v4,all,pp512+tg128,pp+tg,512,128,qwen3_8_27b,folded-ternary,640,1024,0,full,cuda_graph,rk8v4,16384000,5930360832,5930366976,332876544,113095680,0,67108864,113095680,90476544,0,0,,5,43.56163838,0.2891048351,16.14662327,0.1825877246,16.14662327,0.1825877246,8.9338e-06,11.75387222,7.92815366,19.68285518
all__kv-rk4v4,all,pp512+tg128,pp+tg,512,128,qwen3_8_27b,folded-ternary,640,1024,0,full,cuda_graph,rk4v4,11141120,5930360832,5930366976,327633664,113095680,0,67108864,113095680,90476544,0,0,,5,43.46630406,0.3052595546,16.25660521,0.1608722115,16.25660521,0.1608722115,9.0218e-06,11.77970647,7.874337213,19.65478235
all__kv-rk4v4-e8,all,pp512+tg128,pp+tg,512,128,qwen3_8_27b,folded-ternary,640,1024,0,full,cuda_graph,rk4v4-e8,11141120,5930360832,5930366976,327633664,113095680,0,67108864,113095680,90476544,0,0,,5,43.75957857,0.7843656502,16.43030308,0.2845072781,16.43030308,0.2845072781,8.6246e-06,11.70330587,7.792346499,19.49636044
all__kv-rk2v4-e8,all,pp512+tg128,pp+tg,512,128,qwen3_8_27b,folded-ternary,640,1024,0,full,cuda_graph,rk2v4-e8,8519680,5930360832,5930366976,325012224,113095680,0,67108864,113095680,90476544,0,0,,5,43.75009947,0.520725677,15.91669642,0.1958286373,15.91669642,0.1958286373,1.0018e-05,11.70415248,8.042842914,19.74771601
all__mtp-off,all,pp512+tg128,pp+tg,512,128,qwen3_8_27b,folded-ternary,640,1024,0,full,cuda_graph,bf16,41943040,5930360832,5930366976,358435584,113095680,0,67108864,113095680,90476544,0,0,,5,42.24467285,0.5211833349,16.27213031,0.1843370939,16.27213031,0.1843370939,7.7212e-06,12.12133426,7.867024319,19.98903855
all__mtp-draft4,all,pp512+tg128,pp+tg,512,128,qwen3_8_27b,folded-ternary,648,1024,4,optimized,mtp_cuda_graph,bf16,49283072,6738668544,6738674688,377418496,114016768,0,268435456,114016768,90476544,280,0,0.3257918552,5,43.759936,0.7465123803,12.45397995,0.2321703896,12.45397995,0.2321703896,1.18474e-05,11.70292873,10.28063532,21.98443212
all__mtp-draft8-nograph,all,pp512+tg128,pp+tg,512,128,qwen3_8_27b,folded-ternary,656,1024,8,optimized,mtp_eager,bf16,49283072,6738668544,6738674688,386720512,114937344,0,0,114937344,90476544,280,0,0.1658986175,5,44.751896,0.1735214487,1.757252544,0.17544999,1.757252544,0.17544999,1.03704e-05,11.44099416,73.39656275,84.83873903
all__graph-on,all,pp512+tg128,pp+tg,512,128,qwen3_8_27b,folded-ternary,640,1024,0,full,cuda_graph,bf16,41943040,5930360832,5930366976,358435584,113095680,0,67108864,113095680,90476544,0,0,,5,44.15779981,0.3661543456,16.33194117,0.2745699382,16.33194117,0.2745699382,8.583e-06,11.59541252,7.839213878,19.43531004
all__graph-off,all,pp512+tg128,pp+tg,512,128,qwen3_8_27b,folded-ternary,640,1024,0,full,eager,bf16,41943040,5930360832,5930366976,358435584,113095680,0,0,113095680,90476544,0,0,,5,43.53688397,0.4056024232,4.574654428,0.3429057316,4.574654428,0.3429057316,9.2122e-06,11.76096654,28.10592975,39.86816362
